{
    "accuracy": 0.8819249214486522,
    "precision": 0.9104161768163649,
    "recall": 0.920808561236623,
    "f1_score": 0.915582880113502
}